Met_WT,ACCGATATGATGTAA
TPR,CTTGAATACTTAACA
CAPZA2,ATCTTGAAAATTCAG
C8orf34,GAAAGTGAAAAATCA
BAIAP2L1,GTAAATAATTCAACA
OXR1,GCCAGAGAATGGGAG
ST7,CCTCATGTGCCAAAA
TFG,GATGATCAGGTTTCA
ATIC,AAGCTTCCCATCACA
TRIM27,AGGGAGCTCCTGCAG
MSN,GAGTGGCAGCAGAAG
CCDC6,GCCAGCGTGACCATC
QKI,CCTAGTGGTGTATTA
FAM131B,CTGGGACGGCATCAA
MKRN1,AAACAGGTCACCTGC
LSM14A,GATTTTGAATATAGG
DNAJB1,CGCTACGGGGAGGAA
TADA2A,GAAAAAGAAAAGGAG
SRGAP3,GAATGCGGCACCACC
ACTB,GAGAAGATGACCCAG
DDX5,ACAGGATATTCCCAA
KLK2,GCCCATTGCCTAAAG
CENPK,TTAGGAAAAGAAGAG
CRTC3,CTCACCCTGTCGCGG
ZC3H7B,CCTGACTCCTTCATG
YWHAE,GACATGCAGGGTGAC
CIB81,AGGTTGTCTATCTCG
PDZ (1Z86),GAAGTGAAATATATG
SH2,CGTCCCAAGCGCAAA
LOV2 (2V1A),GCGGCAAAAGAACTT
Dmrb,CTTCTAAAACTGGAA
GCN4,TTAGTTGGCGAACGC
TRIM24,TCTATTTCCCACCAA
STRN,CCCTCTTACGACTCC
ARID1A,GCAAGGACACCACAA
PRCC,CTCCACAAAGGGGAC
CBFA2T3,ATTTGGCGGAAAGCC
COL1A1,CCAGGACTTGGCGGC
EML4,TATGAAATATTGTAC
KIF5B,CATTCTGCACAGATT
BCR,GCTGCTTTTGATGTG
ETV6,ATTGGGAGAATAGCA
KrasG12C,TGTGTAATTATGTAA
