Primer name,Gene seq (Reverse Seq),Full sequence (fwd)
EML4_Rev_ExonBP2,TTTACTTGAGACTGATTTTTTC,For analysis take reverse complement of each sequence
EML4_Rev_ExonBP4,GCTTTTGGTGGGAGTAGC,Note: BP3 not included for now
EML4_Rev_ExonBP5,GCTTTTGGTGGGAGTAGC,
EML4_Rev_ExonBP6,TTGGTTGATGATGACATC,
EML4_Rev_ExonBP7,TGCCCACTCCAGTTTGAGC,
EML4_Rev_ExonBP8,CATTTCACACAGTCTGTATGG,
EML4_Rev_ExonBP9,CCTTCCATCTTTATCCACGCC,
EML4_Rev_ExonBP10,TGCTTTTGAAAAATCCAGGC,
EML4_Rev_ExonBP11,CTTTATTTCTGCTCCTTTTGC,
EML4_Rev_ExonBP12,CCCAAAAATTCCCTGTTTTC,
EML4_Rev_ExonBP13,TTTAGGTCCTTTCCCAGGTG,
EML4_Rev_ExonBP14,CTCTATTTCTCTTTCAGGATTC,
EML4_Rev_ExonBP15,CTGTACTTCTATTTGGAAGCC,
EML4_Rev_ExonBP16,ATCTACCAGCCTGGTCCATTCC,
EML4_Rev_ExonBP17,CCTGCCTGAGTGCGTTCC,
EML4_Rev_ExonBP18,TATTGAGTAGCGCATCACAG,
EML4_Rev_ExonBP19,AGTGCACCTTCCATATCTGC,
EML4_Rev_ExonBP20,GTACAATATTTCATAGTCTCCC,
KIF5B_Rev_ExonBP1,CGCGATCACGACCGTGTC,
KIF5B_Rev_ExonBP2,TTTAACAATCTTCTTTGCAC,
KIF5B_Rev_ExonBP3,CTCCATTGTGTGTGTCTTCCC,
KIF5B_Rev_ExonBP4,CTTAATATGAAATTCCAAATTTTC,
KIF5B_Rev_ExonBP5,ATCTAACAGGTCCCTTATCTTATC,
KIF5B_Rev_ExonBP6,CTTTACATAGGGAACTCGG,
KIF5B_Rev_ExonBP7,TGTAACTGCTACATGTCTGTTGG,
KIF5B_Rev_ExonBP8,CTTTTCACTACCAGCTAAATC,
KIF5B_Rev_ExonBP9,ACTACCCTCAGCCAAAGCAG,
KIF5B_Rev_ExonBP10,CCTTTGGCCAAATAAGAGTG,
KIF5B_Rev_ExonBP11,ATTACGCCATCTGTTGAGC,
KIF5B_Rev_ExonBP12,CTTGTCATCAAGCTGTTTG,
KIF5B_Rev_ExonBP13,CTCCTCCTGATCCAACATTTGCG,
KIF5B_Rev_ExonBP14,CGATTTCTGATTCAATTCATC,
KIF5B_Rev_ExonBP15,CTTTACATCATTATTTCCC,
KIF5B_Rev_ExonBP16,TTGAGAGATACGAAGCTGAC,
KIF5B_Rev_ExonBP17,TTGTGCTCGAAGCTGGACTAG,
KIF5B_Rev_ExonBP18,CTTAACTTCATTTGCAGTCTG,
KIF5B_Rev_ExonBP19,GTCTTGAAGATCAGTAATAAGTTTTGC,
KIF5B_Rev_ExonBP20,CGTAAGTTCATGTAGTTTTCTGC,
KIF5B_Rev_ExonBP21,CACTGTCTCTTCCAAACCC,
KIF5B_Rev_ExonBP22,CTTTTTAACTCTTGTAGCCAGGTCC,
KIF5B_Rev_ExonBP23,CTGTTTGTGCACTTTAGTGAGC,
KIF5B_Rev_ExonBP24,AATCTGTGCAGAATGCCCTC,
BCR_Rev_ExonBP1,AGCGTCCCCGTGAAACGCC,ATGGTCGATCCTGTTGGATTTGCAGAAGCTTGGAAAGCCCAATTTCCAGATTCCGAACCACCCAGGATGGAACTCCGATCTGTCGGTGATATTGAACAAGAACTCGAAAGGTGTAAAGCATCAATACGCCGTTTGGAACAAGAAGTCAATCAAGAAAGGTTTCGTATGATATATTTGCAAACCCTGTTAGCTAAAGAGAAGAAAAGTTACGATAGACAAAGGTGGGGATTTCGCCGGGCAGCCCAAGCTCCAGATGGTGCATCAGAACCTAGAGCCTCAGCCAGTAGACCCCAACCTGCTCCAGCAGATGGTGCAGATCCACCACCGGCTGAAGAACCGGAAGCACGTCCAGATGGAGAAGGGTCACCTGGCAAAGCGCGACCTGGCACGGCTAGGCGGCCTGGTGCTGCTGCTAGTGGTGAGCGAGATGATAGGGGCCCACCAGCTTCTGTTGCAGCTCTTCGTAGTAATTTTGAAAGGATAAGGAAAGGACACGGGCAACCTGGAGCAGATGCTGAAAAGCCTTTCTATGTAAATGTTGAATTCCATCATGAACGTGGGCTTGTAAAAGTAAATGATAAGGAAGTCAGCGATAGGATATCCTCTCTCGGGAGTCAAGCGATGCAAATGGAACGGAAGAAATCTCAACATGGAGCAGGGAGTAGTGTTGGAGACGCCTCTCGACCACCGTATCGCGGGCGGTCAAGTGAATCCTCTTGTGGTGTTGATGGTGATTATGAAGATGCGGAATTAAATCCGCGATTTCTGAAAGATAATTTAATTGATGCTAACGGTGGATCTCGTCCGCCCTGGCCCCCTTTGGAATATCAACCTTATCAATCTATTTATGTGGGCGGGATGATGGAAGGCGAAGGTAAAGGGCCACTGTTACGGAGTCAATCCACGAGTGAACAAGAAAAGAGATTAACTTGGCCACGGCGTAGCTATAGCCCAAGGTCATTCGAAGACTGTGGCGGCGGTTACACTCCCGATTGTTCATCAAACGAAAATCTGACTAGCTCCGAAGAAGACTTTTCAAGTGGTCAAAGTAGTCGAGTTTCACCTTCACCAACAACTTATAGGATGTTTAGGGATAAGTCAAGGTCACCTTCTCAAAATTCACAGCAATCTTTTGATTCTTCAAGCCCACCAACACCCCAATGTCACAAAAGGCATAGACATTGTCCTGTGGTGGTTTCTGAAGCTACAATTGTCGGAGTTAGAAAGACTGGACAAATTTGGCCTAATGACGGGGAAGGGGCGTTTCACGGGGACGCT
BCR_Rev_ExonBP2,GGCCTTTGTGCTTTCTAATGCGCC,ATGGTCGATCCTGTTGGATTTGCAGAAGCTTGGAAAGCCCAATTTCCAGATTCCGAACCACCCAGGATGGAACTCCGATCTGTCGGTGATATTGAACAAGAACTCGAAAGGTGTAAAGCATCAATACGCCGTTTGGAACAAGAAGTCAATCAAGAAAGGTTTCGTATGATATATTTGCAAACCCTGTTAGCTAAAGAGAAGAAAAGTTACGATAGACAAAGGTGGGGATTTCGCCGGGCAGCCCAAGCTCCAGATGGTGCATCAGAACCTAGAGCCTCAGCCAGTAGACCCCAACCTGCTCCAGCAGATGGTGCAGATCCACCACCGGCTGAAGAACCGGAAGCACGTCCAGATGGAGAAGGGTCACCTGGCAAAGCGCGACCTGGCACGGCTAGGCGGCCTGGTGCTGCTGCTAGTGGTGAGCGAGATGATAGGGGCCCACCAGCTTCTGTTGCAGCTCTTCGTAGTAATTTTGAAAGGATAAGGAAAGGACACGGGCAACCTGGAGCAGATGCTGAAAAGCCTTTCTATGTAAATGTTGAATTCCATCATGAACGTGGGCTTGTAAAAGTAAATGATAAGGAAGTCAGCGATAGGATATCCTCTCTCGGGAGTCAAGCGATGCAAATGGAACGGAAGAAATCTCAACATGGAGCAGGGAGTAGTGTTGGAGACGCCTCTCGACCACCGTATCGCGGGCGGTCAAGTGAATCCTCTTGTGGTGTTGATGGTGATTATGAAGATGCGGAATTAAATCCGCGATTTCTGAAAGATAATTTAATTGATGCTAACGGTGGATCTCGTCCGCCCTGGCCCCCTTTGGAATATCAACCTTATCAATCTATTTATGTGGGCGGGATGATGGAAGGCGAAGGTAAAGGGCCACTGTTACGGAGTCAATCCACGAGTGAACAAGAAAAGAGATTAACTTGGCCACGGCGTAGCTATAGCCCAAGGTCATTCGAAGACTGTGGCGGCGGTTACACTCCCGATTGTTCATCAAACGAAAATCTGACTAGCTCCGAAGAAGACTTTTCAAGTGGTCAAAGTAGTCGAGTTTCACCTTCACCAACAACTTATAGGATGTTTAGGGATAAGTCAAGGTCACCTTCTCAAAATTCACAGCAATCTTTTGATTCTTCAAGCCCACCAACACCCCAATGTCACAAAAGGCATAGACATTGTCCTGTGGTGGTTTCTGAAGCTACAATTGTCGGAGTTAGAAAGACTGGACAAATTTGGCCTAATGACGGGGAAGGGGCGTTTCACGGGGACGCTGACGGGAGTTTTGGGACCCCGCCCGGTTATGGGTGTGCCGCCGATCGAGCCGAAGAACAACGAAGACATCAGGACGGCCTGCCATATATCGACGATTCACCTAGCTCCTCTCCTCATTTGTCTTCCAAAGGAAGAGGTTCACGAGACGCTTTAGTGAGCGGCGCATTAGAAAGCACAAAGGCC
BCR_Rev_ExonBP3,AAGGAGCAGGGCTTCAAGATGG,
BCR_Rev_ExonBP4,AAGCTTTTGGAAAAGATCCCCG,
BCR_Rev_ExonBP5,TTCACTTATCTCGGCGAATTGG,
BCR_Rev_ExonBP6,CTCCAATGAATTCTTAGTGG,
BCR_Rev_ExonBP7,GTGAAGCACAAGGGTAGAGCG,
BCR_Rev_ExonBP8,TTCGCCTTTCTTAACAGTCATTG,
BCR_Rev_ExonBP9,CCCGCCACTTTGTTTCTTC,
BCR_Rev_ExonBP10,TTTCTCTCGTTGAATATCGTTC,
BCR_Rev_ExonBP11,TTTTCCATTTCTTGAATGGACTC,
BCR_Rev_ExonBP12,TTTCTTTTGCTGTTCGCGAA,
BCR_Rev_ExonBP13,CTCTTTGTTAATCGTTAATGGG,
BCR_Rev_ExonBP14,GGATGATTGTTTGAAGCCTG,
BCR_Rev_ExonBP15,TTCATTCCAATTAGGTTCGG,
BCR_Rev_ExonBP16,TTGCACTTGACCTTTGCCC,
BCR_Rev_ExonBP17,TCCGTTCATCGCAATCACCG,
BCR_Rev_ExonBP18,TTTTGTCACGACTGCGATTTTC,
BCR_Rev_ExonBP19,CACATCAAAAGCAGCTTTAAGGG,
ETV6_Rev_ExonBP2,CAGGTGCGCAGGCAGGCGG,
ETV6_Rev_ExonBP3,TGAATGAGGAGATCGATAGCG,
ETV6_Rev_ExonBP4,TTCTTCATGGTTCTGATGCAGTATG,
ETV6_Rev_ExonBP5,TGCTATTCTCCCAATGGGCATG,