domain_exon_bp,primer,domain,fwd,exon
EML4_Rev_ExonBP2,TTTACTTGAGACTGATTTTTTC,EML4,0,2
EML4_Rev_ExonBP4,GCTTTTGGTGGGAGTAGC,EML4,0,4
EML4_Rev_ExonBP5,GCTTTTGGTGGGAGTAGC,EML4,0,5
EML4_Rev_ExonBP6,TTGGTTGATGATGACATC,EML4,0,6
EML4_Rev_ExonBP7,TGCCCACTCCAGTTTGAGC,EML4,0,7
EML4_Rev_ExonBP8,CATTTCACACAGTCTGTATGG,EML4,0,8
EML4_Rev_ExonBP9,CCTTCCATCTTTATCCACGCC,EML4,0,9
EML4_Rev_ExonBP10,TGCTTTTGAAAAATCCAGGC,EML4,0,10
EML4_Rev_ExonBP11,CTTTATTTCTGCTCCTTTTGC,EML4,0,11
EML4_Rev_ExonBP12,CCCAAAAATTCCCTGTTTTC,EML4,0,12
EML4_Rev_ExonBP13,TTTAGGTCCTTTCCCAGGTG,EML4,0,13
EML4_Rev_ExonBP14,CTCTATTTCTCTTTCAGGATTC,EML4,0,14
EML4_Rev_ExonBP15,CTGTACTTCTATTTGGAAGCC,EML4,0,15
EML4_Rev_ExonBP16,ATCTACCAGCCTGGTCCATTCC,EML4,0,16
EML4_Rev_ExonBP17,CCTGCCTGAGTGCGTTCC,EML4,0,17
EML4_Rev_ExonBP18,TATTGAGTAGCGCATCACAG,EML4,0,18
EML4_Rev_ExonBP19,AGTGCACCTTCCATATCTGC,EML4,0,19
EML4_Rev_ExonBP20,GTACAATATTTCATAGTCTCCC,EML4,0,20
KIF5B_Rev_ExonBP1,CGCGATCACGACCGTGTC,KIF5B,0,1
KIF5B_Rev_ExonBP2,TTTAACAATCTTCTTTGCAC,KIF5B,0,2
KIF5B_Rev_ExonBP3,CTCCATTGTGTGTGTCTTCCC,KIF5B,0,3
KIF5B_Rev_ExonBP4,CTTAATATGAAATTCCAAATTTTC,KIF5B,0,4
KIF5B_Rev_ExonBP5,ATCTAACAGGTCCCTTATCTTATC,KIF5B,0,5
KIF5B_Rev_ExonBP6,CTTTACATAGGGAACTCGG,KIF5B,0,6
KIF5B_Rev_ExonBP7,TGTAACTGCTACATGTCTGTTGG,KIF5B,0,7
KIF5B_Rev_ExonBP8,CTTTTCACTACCAGCTAAATC,KIF5B,0,8
KIF5B_Rev_ExonBP9,ACTACCCTCAGCCAAAGCAG,KIF5B,0,9
KIF5B_Rev_ExonBP10,CCTTTGGCCAAATAAGAGTG,KIF5B,0,10
KIF5B_Rev_ExonBP11,ATTACGCCATCTGTTGAGC,KIF5B,0,11
KIF5B_Rev_ExonBP12,CTTGTCATCAAGCTGTTTG,KIF5B,0,12
KIF5B_Rev_ExonBP13,CTCCTCCTGATCCAACATTTGCG,KIF5B,0,13
KIF5B_Rev_ExonBP14,CGATTTCTGATTCAATTCATC,KIF5B,0,14
KIF5B_Rev_ExonBP15,CTTTACATCATTATTTCCC,KIF5B,0,15
KIF5B_Rev_ExonBP16,TTGAGAGATACGAAGCTGAC,KIF5B,0,16
KIF5B_Rev_ExonBP17,TTGTGCTCGAAGCTGGACTAG,KIF5B,0,17
KIF5B_Rev_ExonBP18,CTTAACTTCATTTGCAGTCTG,KIF5B,0,18
KIF5B_Rev_ExonBP19,GTCTTGAAGATCAGTAATAAGTTTTGC,KIF5B,0,19
KIF5B_Rev_ExonBP20,CGTAAGTTCATGTAGTTTTCTGC,KIF5B,0,20
KIF5B_Rev_ExonBP21,CACTGTCTCTTCCAAACCC,KIF5B,0,21
KIF5B_Rev_ExonBP22,CTTTTTAACTCTTGTAGCCAGGTCC,KIF5B,0,22
KIF5B_Rev_ExonBP23,CTGTTTGTGCACTTTAGTGAGC,KIF5B,0,23
KIF5B_Rev_ExonBP24,AATCTGTGCAGAATGCCCTC,KIF5B,0,24
BCR_Rev_ExonBP1,AGCGTCCCCGTGAAACGCC,BCR,0,1
BCR_Rev_ExonBP2,GGCCTTTGTGCTTTCTAATGCGCC,BCR,0,2
BCR_Rev_ExonBP3,AAGGAGCAGGGCTTCAAGATGG,BCR,0,3
BCR_Rev_ExonBP4,AAGCTTTTGGAAAAGATCCCCG,BCR,0,4
BCR_Rev_ExonBP5,TTCACTTATCTCGGCGAATTGG,BCR,0,5
BCR_Rev_ExonBP6,CTCCAATGAATTCTTAGTGG,BCR,0,6
BCR_Rev_ExonBP7,GTGAAGCACAAGGGTAGAGCG,BCR,0,7
BCR_Rev_ExonBP8,TTCGCCTTTCTTAACAGTCATTG,BCR,0,8
BCR_Rev_ExonBP9,CCCGCCACTTTGTTTCTTC,BCR,0,9
BCR_Rev_ExonBP10,TTTCTCTCGTTGAATATCGTTC,BCR,0,10
BCR_Rev_ExonBP11,TTTTCCATTTCTTGAATGGACTC,BCR,0,11
BCR_Rev_ExonBP12,TTTCTTTTGCTGTTCGCGAA,BCR,0,12
BCR_Rev_ExonBP13,CTCTTTGTTAATCGTTAATGGG,BCR,0,13
BCR_Rev_ExonBP14,GGATGATTGTTTGAAGCCTG,BCR,0,14
BCR_Rev_ExonBP15,TTCATTCCAATTAGGTTCGG,BCR,0,15
BCR_Rev_ExonBP16,TTGCACTTGACCTTTGCCC,BCR,0,16
BCR_Rev_ExonBP17,TCCGTTCATCGCAATCACCG,BCR,0,17
BCR_Rev_ExonBP18,TTTTGTCACGACTGCGATTTTC,BCR,0,18
BCR_Rev_ExonBP19,CCACATCAAAAGCAGCTTTAAGGG,BCR,0,19
ETV6_Rev_ExonBP2,CAGGTGCGCAGGCAGGCGG,ETV6,0,2
ETV6_Rev_ExonBP3,TGAATGAGGAGATCGATAGCG,ETV6,0,3
ETV6_Rev_ExonBP4,TTCTTCATGGTTCTGATGCAGTATG,ETV6,0,4
ETV6_Rev_ExonBP5,TGCTATTCTCCCAATGGGCATG,ETV6,0,5